<?xml version="1.0" encoding="UTF-8"?>
<project-private xmlns="http://www.netbeans.org/ns/project-private/1">
    <editor-bookmarks xmlns="http://www.netbeans.org/ns/editor-bookmarks/2" lastBookmarkId="0"/>
    <open-files xmlns="http://www.netbeans.org/ns/projectui-open-files/2">
        <group>
            <file>file:/C:/Users/Osman/Documents/Uni/Year%202/5070%20Advanced%20web%20development/ProjectLocations/ConverterWeb/src/java/webservices/Converter.java</file>
            <file>file:/C:/Users/Osman/Documents/Uni/Year%202/5070%20Advanced%20web%20development/ProjectLocations/ConverterWeb/web/index.html</file>
            <file>file:/C:/Users/Osman/Documents/Uni/Year%202/5070%20Advanced%20web%20development/ProjectLocations/ConverterWeb/src/java/webservices/Currency.java</file>
        </group>
    </open-files>
</project-private>
